Risk ID,Asset,Risk Title,Threat Source,Vulnerability,Existing Controls,Likelihood (1-5),Impact (1-5),Inherent Score,Inherent Rating,Treatment,Recommended Controls,HIPAA Reference,NIST CSF 2.0,Risk Owner,Target Date,Residual Likelihood,Residual Impact,Residual Score,Residual Rating,Status
R01,A1,Ransomware via compromised vendor remote access,"Ransomware affiliate (external, financially motivated)",Vendor remote-access accounts not required to use MFA; access never verified at onboarding,Annual BAA renewal; vendor self-attestation questionnaire,5,5,25,Critical,Mitigate,Require phishing-resistant MFA for all vendor remote access; brokered/just-in-time vendor access; continuous monitoring of Critical-tier vendors,164.308(b)(1); 164.312(d),GV.SC; PR.AA,CISO,May 2027,2,5,10,Medium,In Progress
R02,A1,Prolonged outage of claims clearinghouse halts revenue and e-prescribing,Third-party service failure (ransomware or outage at vendor),Single clearinghouse with no tested failover; no manual downtime procedures for claims or e-prescribing,Vendor SLA (no security or recovery terms),4,5,20,Critical,Mitigate,Pre-contract a secondary clearinghouse; document and drill manual downtime procedures; maintain cash-reserve plan,164.308(a)(7)(ii)(B)-(C),GV.SC; RC.RP,CFO,Nov 2026,3,3,9,Medium,In Progress
R03,A1,Business Associate Agreements lack enforceable security terms,Regulatory / contractual,"BAAs contain no minimum controls, audit rights, or breach-notification SLA",Standard HIPAA BAA template,4,4,16,High,Mitigate,"Modernized BAA: MFA certification, SOC 2 Type II or HITRUST evidence, 24-hour incident notification, audit rights",164.308(b)(1); 164.314(a),GV.SC,General Counsel,Nov 2026,2,4,8,Medium,In Progress
R04,A1,Compromise of a vendor's subcontractor (fourth party),External attacker targeting the vendor's supply chain,No visibility into subcontractors used by Critical-tier vendors,,3,4,12,High,Mitigate,Require Critical-tier vendors to disclose material subcontractors and flow down equivalent security requirements,164.314(a)(2)(i)(B),GV.SC,Director of Procurement,May 2027,2,4,8,Medium,Not Started
R05,A1,Workforce credentials stolen through phishing,Phishing campaign (external),Inconsistent MFA on webmail and EHR remote access; annual-only awareness training,Email spam filter; annual HIPAA training,4,4,16,High,Mitigate,MFA on all remote and email access; monthly phishing simulations; external-sender banners; phishing report button,164.308(a)(5); 164.312(d),PR.AA; PR.AT,CISO,Nov 2026,2,4,8,Medium,In Progress
R06,A1,Ransomware spreads through unpatched internal systems,Ransomware affiliate (external),Patch cycle exceeds 60 days for critical vulnerabilities; flat network segments,Endpoint antivirus; monthly patch window,3,5,15,High,Mitigate,Risk-based patching SLA (critical in 14 days); EDR on all endpoints; network segmentation of clinical systems,164.308(a)(1)(ii)(B); 164.308(a)(5)(ii)(B),ID.RA; PR.PS; PR.IR,Director of IT Infrastructure,May 2027,2,5,10,Medium,Not Started
R07,A1,EHR data cannot be restored after a destructive attack,Ransomware / destructive malware,Backups not immutable; restore never tested end-to-end,Nightly backups to on-premises storage,3,5,15,High,Mitigate,"Immutable, offline-isolated backups; quarterly restore tests with documented recovery times",164.308(a)(7)(ii)(A)-(B),PR.DS; RC.RP,Director of IT Infrastructure,May 2027,2,4,8,Medium,Not Started
R08,A1,Former workforce or vendor accounts remain active,"Former employee, contractor, or attacker using stale credentials",No automated deprovisioning; vendor accounts not tied to contract end dates,Manual termination checklist,4,4,16,High,Mitigate,Automate HR-driven deprovisioning; quarterly access reviews; vendor accounts expire with contract,164.308(a)(3)(ii)(C); 164.308(a)(4),PR.AA,Director of Identity & Access,Nov 2026,2,3,6,Medium,In Progress
R09,A1,Inappropriate employee access to patient records,"Insider (curiosity, personal relationship, or malicious)",Audit logs collected but not proactively reviewed,Role-based EHR access; confidentiality agreement,4,3,12,High,Mitigate,"Automated EHR access monitoring (e.g., VIP and coworker record alerts); sanctions policy enforcement",164.312(b); 164.308(a)(1)(ii)(D),DE.CM; PR.AA,Privacy Officer,May 2027,2,3,6,Medium,Not Started
R10,A8,Medical devices compromised through vendor maintenance connections,External attacker or compromised device vendor,Device vendors keep always-on remote access; devices on shared network; legacy OS on some imaging systems,Device inventory (partial),3,5,15,High,Mitigate,"Complete device inventory; segment medical devices; vendor remote access only through brokered, logged sessions",164.308(a)(1)(ii)(A); 164.312(a)(1),ID.AM; PR.IR; GV.SC,Director of Biomedical Engineering,Jan 2028,2,4,8,Medium,Not Started
R11,A2,Controlled-substance diversion from Automated Dispensing Cabinets,Insider (clinical staff),Override reports reviewed inconsistently; shared credentials on some units,ADC badge + PIN access; monthly pharmacy reconciliation,3,4,12,High,Mitigate,Diversion analytics on ADC transactions; ban shared credentials; biometric ADC login,N/A (DEA / state pharmacy rules),PR.AA; DE.CM,Director of Pharmacy,May 2027,2,3,6,Medium,Not Started
R12,A5,Hurricane or extended power loss disrupts campus and on-site data center,Natural hazard (Gulf Coast hurricane season),Single on-site data center; generator fuel supply for ~72 hours,Backup generators; emergency operations plan,3,5,15,High,Mitigate,Secondary hosting site or cloud failover for EHR; fuel resupply contracts; annual hurricane tabletop exercise,164.308(a)(7)(ii)(B)-(C),RC.RP; ID.IM,VP Facilities,Jan 2028,3,3,9,Medium,Not Started
R13,A1,Third-party incident not covered by incident response plan,Any third-party security incident,IR plan written for internal incidents only; never exercised with vendors,Internal incident response plan,3,4,12,High,Mitigate,Add third-party incident playbook; joint tabletop with Critical-tier vendors annually,164.308(a)(6),RS.MA; RS.CO,CISO,May 2027,2,3,6,Medium,Not Started
R14,A1,Lost or stolen laptop exposes PHI,Theft or loss (opportunistic),Full-disk encryption not enforced on all laptops,Encryption on most new devices; asset tags,3,3,9,Medium,Mitigate,Enforce full-disk encryption via device management; remote wipe capability,164.312(a)(2)(iv); 164.310(d)(1),PR.DS,Director of IT Infrastructure,Nov 2026,1,2,2,Low,In Progress
R15,A4,Theft or loss of radioactive sealed sources,Malicious actor or insider,Sources stored in controlled areas; inventory checks periodic,Locked storage; NRC-required inventories; badge access,1,5,5,Low,Accept,Maintain current NRC/state program controls; reassess annually,N/A (NRC 10 CFR Part 37),PR.AA (physical),Radiation Safety Officer,Annual review,1,5,5,Low,Accepted
